{"cameraMode":{"drawMode":0,"name":"Shaded","section":"Shading Mode"},"sceneLighting":true,"audioPlay":false,"sceneViewState":{"m_AlwaysRefresh":false,"showFog":true,"showSkybox":true,"showFlares":true,"showImageEffects":true,"showParticleSystems":true,"showVisualEffectGraphs":true,"m_FxEnabled":true},"in2DMode":false,"pivot":{"x":100.95407104492188,"y":5.098377227783203,"z":107.68060302734375},"rotation":{"x":0.15854857861995698,"y":0.38135257363319399,"z":-0.06656234711408615,"w":0.9083136320114136},"size":31.739938735961915,"orthographic":false}